version,avg_oos_accuracy,avg_oos_balanced_accuracy,avg_oos_f1,avg_oos_log_loss,avg_oos_roc_auc
single_threshold_055_baseline,0.8078522972677569,0.7104437935566801,0.7883768224719241,0.42153556068574927,0.8204298533148011
single_threshold_055_dd20_pf46,0.8212584220230539,0.7248781609775518,0.805105558147776,0.4043957562765316,0.831341718754407
single_threshold_055_dd20_pf48,0.8131391277074178,0.7131980115474637,0.7975412195667109,0.41577353743369366,0.8202227716250934
single_threshold_055_dd20_pf50,0.8092810182454826,0.709128553256292,0.7925054308936114,0.4216686940721885,0.8164748681487877
single_threshold_055_dd20_pf52,0.8116784558256133,0.7146029944116207,0.7941224402338369,0.41918615355261163,0.821696165455752
