version,avg_oos_accuracy,avg_oos_balanced_accuracy,avg_oos_f1,avg_oos_log_loss,avg_oos_roc_auc
feature_enhanced_t50,0.8123340985375413,0.7080727176516904,0.7941821658892804,0.41350715391253245,0.8288529258738617
feature_enhanced_t53,0.8037920780663949,0.6984653184419399,0.7836447730607564,0.4265009572451757,0.8172213203689839
feature_enhanced_t55,0.8078522972677569,0.7104437935566801,0.7883768224719241,0.42153556068574927,0.8204298533148011
feature_enhanced_t58,0.8081966387327142,0.715428842778342,0.7872152389737456,0.41747383618917067,0.8215172168267564
feature_enhanced_t60,0.7937373978463048,0.6944102610319576,0.7460508853392065,0.43425830813883043,0.8041962695386317
