version,avg_validation_accuracy,avg_validation_balanced_accuracy,avg_validation_f1,avg_validation_log_loss,avg_oos_accuracy,avg_oos_balanced_accuracy,avg_oos_f1,avg_oos_log_loss
current_baseline,0.7795844525747841,0.7368179545391628,0.7660433655366157,0.4152051304069412,0.7741728097468376,0.6624892255140714,0.7148837359248356,0.4129510131267554
recovery_features_confirm2_exit,0.7849553906954306,0.7381495603987673,0.7715746985712619,0.40260640235840894,0.7787874420911167,0.6587439299883164,0.7349372495157798,0.3923971530937707
