version,trigger_count,forced_cash_days,avg_position,min_drawdown
dd_stop_08,51,51,0.634546862896979,-0.17439732577424005
dd_stop_09,25,25,0.6381099922540666,-0.22076988269045905
dd_stop_10,29,29,0.6378001549186677,-0.22076988269045894
dd_stop_11,14,14,0.6401239349341595,-0.16457616479558768
dd_stop_12,9,9,0.6405886909372579,-0.18721301806690638
