version,annual_return,annual_volatility,sharpe,max_drawdown,total_return,final_wealth,total_switch_count,avg_switch_count_per_year,avg_position
final_model,0.07187521105921002,0.10501123115850053,0.5361805406575078,-0.189875316531668,4.917615906942169,5.917615906942169,245,9.564678543764524,0.6415182029434547
dd_stop_08,0.06594054304254482,0.10390004112225215,0.4873729880710073,-0.17439732577424005,4.133132882425395,5.133132882425395,331,12.922075910147173,0.634546862896979
dd_stop_09,0.06877930821144362,0.10410124014300823,0.5121772803309008,-0.22076988269045905,4.495021109236188,5.495021109236188,287,11.204337722695586,0.6381099922540666
dd_stop_10,0.06602983217522729,0.1041761835044032,0.48715507216747783,-0.22076988269045894,4.144158213408859,5.144158213408859,291,11.360495739736638,0.6378001549186677
dd_stop_11,0.07354475422703244,0.10367321888746442,0.5567058515971336,-0.16457616479558768,5.158297910272925,6.158297910272925,261,10.189310611928738,0.6401239349341595
dd_stop_12,0.07083318497360147,0.10489824911588283,0.5273729294181608,-0.18721301806690638,4.7720065508005725,5.7720065508005725,257,10.033152594887685,0.6405886909372579
buy_and_hold,0.08364730772805062,0.1921502371083919,0.4172195884939512,-0.5569273201989431,6.828125337748467,7.828125337748467,1,0.03903950426026336,1.0
