horizon,return_type,bull_n,bull_mean,bull_se,bear_n,bear_mean,bear_se,bull_minus_bear,t_stat,p_value
1d,forward_ret,3750,0.00016165536439283646,0.00012582142760047426,2756,0.0007003135359528295,0.0003094086892677876,-0.000538658171559993,-1.6126856369162583,0.10689885400576431
5d,forward_ret,3747,0.0013666097809164194,0.00026989131900742553,2755,0.002512286182074103,0.0006152205335811966,-0.0011456764011576837,-1.7053408524008602,0.08821233961634345
10d,forward_ret,3747,0.0035976857024904293,0.00037917056812234465,2750,0.0036332335831839734,0.0008194095319135272,-3.5547880693544056e-05,-0.03937141427877489,0.968596275053852
20d,forward_ret,3747,0.007218861226384925,0.0005706213715519713,2740,0.007114681688022032,0.001101541104893434,0.00010417953836289271,0.0839774918179098,0.9330783432324825
