version,avg_validation_accuracy,avg_validation_balanced_accuracy,avg_validation_f1,avg_validation_log_loss,avg_oos_accuracy,avg_oos_balanced_accuracy,avg_oos_f1,avg_oos_log_loss
current_baseline,0.7795844525747841,0.7368179545391628,0.7660433655366157,0.4152051304069412,0.7741728097468376,0.6624892255140714,0.7148837359248356,0.4129510131267554
recovery_features_rising_entry_rule,0.7879126019968752,0.742468965530574,0.7874983542037591,0.4165502941655379,0.7839722777254938,0.6659192291732924,0.749115972677321,0.41942708300248654
