version,state,days,ratio,avg_run_length,avg_strategy_daily_return,avg_signal_probability,avg_position
paper_baseline_gspc_to_spy,bull,4097,0.6347017815646785,4097.0,0.0004172023776238255,0.8241879972878062,1.0
paper_baseline_gspc_to_spy,bear,2358,0.36529821843532145,2358.0,6.0911066422166765e-05,0.19767554405514062,0.0
final_recovery_overlay_gspc_to_spy,bull,3405,0.5274980635166537,3405.0,0.0003706602090330239,0.8788772522752454,1.0
final_recovery_overlay_gspc_to_spy,bear,2231,0.3456235476374903,2231.0,6.0320108583305384e-05,0.17732116707819112,0.0
final_recovery_overlay_gspc_to_spy,hold,819,0.12687838884585592,819.0,0.0006388201316196964,0.5765834094740518,0.8986568986568987
