version,avg_validation_accuracy,avg_validation_balanced_accuracy,avg_validation_f1,avg_validation_log_loss,avg_oos_accuracy,avg_oos_balanced_accuracy,avg_oos_f1,avg_oos_log_loss
current_baseline,0.7795844525747841,0.7368179545391628,0.7660433655366157,0.4152051304069412,0.7741728097468376,0.6624892255140714,0.7148837359248356,0.4129510131267554
baseline_plus_recovery_features,0.7851285006970271,0.7403290974442402,0.7750449450599959,0.4112655953257302,0.7775940003656007,0.6702063172470544,0.7395828125952539,0.41414467527373794
