version,annual_return,annual_volatility,sharpe,max_drawdown,total_return,final_wealth,total_switch_count,avg_switch_count_per_year,avg_position
current_baseline,0.0575762821478276,0.0973867730528406,0.4322888677532386,-0.1534575094789605,3.194205582486245,4.194205582486245,208,8.121475054229935,0.5849085838239851
current_baseline,0.0834731664265615,0.1921783428190637,0.4163493188688904,-0.5569273201989486,6.793486059968059,7.793486059968059,0,0.0,1.0
baseline_plus_recovery_features,0.0606587019837197,0.0992898407659527,0.45516712949649585,-0.16625428639088802,3.51877851062166,4.51877851062166,219,8.550976138828634,0.6028819336845367
buy_and_hold,0.08347316642656155,0.1921783428190637,0.41634931886889043,-0.5569273201989486,6.793486059968059,7.793486059968059,0,0.0,1.0
