version,avg_validation_accuracy,avg_validation_balanced_accuracy,avg_validation_f1,avg_validation_log_loss,avg_oos_accuracy,avg_oos_balanced_accuracy,avg_oos_f1,avg_oos_log_loss
current_baseline,0.7795844525747841,0.7368179545391628,0.7660433655366157,0.4152051304069412,0.7741728097468376,0.6624892255140714,0.7148837359248356,0.4129510131267554
fixed_rising_floor_050,0.8011591221156139,0.7548842867180136,0.8124700742587323,0.42044412253637165,0.8008712833014789,0.6841652828711872,0.7796743322271195,0.4182979065203323
fixed_rising_floor_053,0.7971518239814182,0.7513510102081388,0.8081180659998891,0.4191095054839545,0.7972073775698936,0.6820955291783493,0.7755450241657881,0.42042535287941624
fixed_rising_floor_055,0.7956660549980268,0.7505578375643027,0.8034479975388465,0.4182231687132199,0.790999802562242,0.6742410037808925,0.765116920949681,0.4200540669696408
fixed_rising_floor_058,0.7871503406251978,0.7411639084703803,0.7893705373522848,0.424166449937993,0.7843809670901032,0.6657550968319865,0.7520208741113237,0.4250628954458287
fixed_rising_floor_060,0.7879126019968752,0.742468965530574,0.7874983542037591,0.4165502941655379,0.7839722777254938,0.6659192291732924,0.749115972677321,0.41942708300248654
dynamic_rising_floor,0.7946992760871205,0.7492968157766863,0.7985881958650065,0.4196423168686598,0.7933193282000749,0.6773158775826217,0.7699356068950424,0.41845043655635245
