version,avg_validation_accuracy,avg_validation_balanced_accuracy,avg_validation_f1,avg_validation_log_loss,avg_oos_accuracy,avg_oos_balanced_accuracy,avg_oos_f1,avg_oos_log_loss
current_baseline,0.7795844525747841,0.7368179545391628,0.7660433655366157,0.4152051304069412,0.7741728097468376,0.6624892255140714,0.7148837359248356,0.4129510131267554
fixed_rising_floor_048,0.8055520179147487,0.7593764037002295,0.8183430342846294,0.4195894873131881,0.8044011501669945,0.6888556463363743,0.7861445102634851,0.41843340875691665
fixed_rising_floor_049,0.8038548844547184,0.7576854341655046,0.8156390693316765,0.418885125189991,0.8045669270616009,0.6883286972306872,0.7850536384894967,0.4166769157103659
fixed_rising_floor_050,0.8011591221156139,0.7548842867180136,0.8124700742587323,0.42044412253637165,0.8008712833014789,0.6841652828711872,0.7796743322271195,0.4182979065203323
fixed_rising_floor_051,0.7996739477443164,0.7532014148883207,0.8089647137121818,0.42032450840364255,0.8007422395627468,0.684111998540396,0.7819551745069777,0.41799059713744224
fixed_rising_floor_052,0.7996565880477023,0.7546646409166621,0.8110097176102233,0.418230794202096,0.8002934794128034,0.6853835075562411,0.7805023499424603,0.4170871264120249
fixed_rising_floor_053,0.7971518239814182,0.7513510102081388,0.8081180659998891,0.4191095054839545,0.7972073775698936,0.6820955291783493,0.7755450241657881,0.42042535287941624
dynamic_rising_floor,0.8005598343546688,0.7539965804688962,0.8109696721305115,0.42029000843592174,0.798880680360824,0.6825938012509821,0.7790071123512544,0.41963348493985636
