horizon,return_type,bull_n,bull_mean,bull_se,bear_n,bear_mean,bear_se,bull_minus_bear,t_stat,p_value
1d,forward_ret,3852,0.0024614791209706314,0.00011870996016439011,2603,-0.002670188253595147,0.0003205184335927557,0.005131667374565779,15.013855702908325,2.3893692191073674e-49
5d,forward_ret,3848,0.0036185879710728735,0.00026507198632244854,2603,-0.0006943540258485403,0.0006429004475696241,0.004312941996921414,6.202083251071127,6.223244622524866e-10
10d,forward_ret,3848,0.005697511397074119,0.0003745950547455161,2598,0.0005759857291284297,0.0008547276506781851,0.005121525667945689,5.488074430332605,4.3438526742244354e-08
20d,forward_ret,3848,0.00926777069911637,0.0005594736998059566,2588,0.004147753893737176,0.0011550144552416452,0.0051200168053791946,3.989472371644914,6.746722236684511e-05
