horizon,return_type,bull_n,bull_mean,bull_se,bear_n,bear_mean,bear_se,bull_minus_bear,t_stat,p_value
1d,forward_excess_ret,3852,0.0023940503634314525,0.00011872586422597109,2603,-0.0027538609023838125,0.0003204470944999147,0.0051479112658152654,15.064085768544462,1.173646132215654e-49
5d,forward_excess_ret,3848,0.0032814075518220543,0.00026514715417783795,2603,-0.001112504518889982,0.0006427927408427959,0.004393912070712037,6.319163980712316,2.961678179773838e-10
10d,forward_excess_ret,3848,0.0050215782840410846,0.00037476265688371767,2598,-0.00025773930593873533,0.0008546820453287643,0.00527931758997982,5.657004844033631,1.6604002099950988e-08
20d,forward_excess_ret,3848,0.007911619773028872,0.0005600652654070132,2588,0.0024876177738656006,0.0011550752834833865,0.005424001999163271,4.225305374905382,2.442108642070065e-05
