version,annual_return,annual_volatility,sharpe,max_drawdown,total_return,final_wealth,total_switch_count,avg_switch_count_per_year,avg_position
baseline_fixed_rising_floor_052,0.05253584144091361,0.10531984522014247,0.36200468265148905,-0.18927551680527532,2.711930133854422,3.711930133854422,260,10.150271107668475,0.6387296669248644
dd20_prob_floor_43,0.04993121582031912,0.10646856902725867,0.3359957378157933,-0.18927551680527532,2.4836683453999506,3.4836683453999506,299,11.672811773818745,0.6452362509682417
dd20_prob_floor_44,0.058916228545001115,0.10542460403437354,0.41908273178929656,-0.18927551680527543,3.3334317841723173,4.333431784172317,271,10.579705654531372,0.6415182029434547
dd20_prob_floor_45,0.058877890589575266,0.10545493510391646,0.4186474717971934,-0.18927551680527555,3.3294147871713484,4.329414787171348,267,10.423547637490318,0.6427575522850504
dd20_prob_floor_46,0.052134656240768074,0.10512587305446629,0.35886759040249677,-0.1892755168052751,2.6758583596894003,3.6758583596894003,274,10.696824167312162,0.6398140975987606
dd20_prob_floor_47,0.051336314234961655,0.10544591025701193,0.3508969652085587,-0.1892755168052751,2.6050765517517687,3.6050765517517687,267,10.423547637490318,0.642292796281952
dd20_prob_floor_48,0.05092362466221645,0.10550023973737865,0.3470491389840344,-0.1892755168052752,2.569002469715323,3.569002469715323,267,10.423547637490318,0.642292796281952
dd20_prob_floor_dynamic_lower,0.05521808992507471,0.10543477222937302,0.38586893401506184,-0.1892755168052751,2.9619867499791206,3.9619867499791206,267,10.423547637490318,0.6430673896204493
buy_and_hold,0.06440284196925727,0.19232211310242048,0.3239279564648055,-0.5849635570529541,3.9467845218857134,4.946784521885713,0,0.0,1.0
