version,avg_oos_accuracy,avg_oos_balanced_accuracy,avg_oos_f1,avg_oos_log_loss,avg_oos_roc_auc
single_threshold_t55,0.8078522972677569,0.7104437935566801,0.7883768224719241,0.42153556068574927,0.8204298533148011
double_threshold_045_060,0.7960654626809499,0.6951589888800177,0.7711800218793635,0.3960944611344773,0.8414811781528904
