version,avg_validation_accuracy,avg_validation_balanced_accuracy,avg_validation_f1,avg_validation_log_loss,avg_oos_accuracy,avg_oos_balanced_accuracy,avg_oos_f1,avg_oos_log_loss
current_baseline_rule,0.7795844525747841,0.7368179545391628,0.7660433655366157,0.4152051304069412,0.7741728097468376,0.6624892255140714,0.7148837359248356,0.4129510131267554
raw_entry_confirm2_exit_rule,0.8155902360510928,0.7694089699656813,0.8376499263405405,0.4152051304069412,0.8129097930101152,0.6958683234427898,0.8088796540379731,0.4129510131267554
