version,avg_oos_accuracy,avg_oos_balanced_accuracy,avg_oos_f1,avg_oos_log_loss,avg_oos_roc_auc
single_threshold_055_dd20_pf52_baseline,0.8116784558256133,0.7146029944116207,0.7941224402338369,0.41918615355261163,0.821696165455752
single_threshold_055_dd20_pf52_rising_2d_prob48,0.8213665582496485,0.7254260837792127,0.8080877139072479,0.4129487032462921,0.8283723028564549
single_threshold_055_dd20_pf52_rising_2d_prob49,0.8156304831589841,0.7153280335067141,0.8031670350558525,0.419569343432061,0.821798334780325
single_threshold_055_dd20_pf52_rising_2d_prob50,0.8132626552862933,0.713694210087804,0.7948240171540152,0.42133822303942553,0.8205351791560811
single_threshold_055_dd20_pf52_rising_2d_prob51,0.8181380084086253,0.7206325344698483,0.8003944676465612,0.4154554150765255,0.8265143640122514
single_threshold_055_dd20_pf52_rising_2d_prob52,0.812935559741019,0.7148311991718719,0.7970279695812308,0.4210693454692568,0.8205390023349379
single_threshold_055_dd20_pf52_rising_2d_prob53,0.8127731459546528,0.715490945259821,0.7966416363574745,0.4203782677206184,0.8218376318663262
