version,avg_oos_accuracy,avg_oos_balanced_accuracy,avg_oos_f1,avg_oos_log_loss,avg_oos_roc_auc
single_threshold_055_plus_extra_entries,0.8126624185384228,0.7142188595213083,0.7982303635618038,0.4192924478349279,0.8215813367825157
final_recovery_overlay_gspc_to_spy,0.8130265000009872,0.7110667517356531,0.8004986203214384,0.40475188374156584,0.8343145043972823
